state,year,total_emissions,co2,ch4,n2o,facility_count
AK,2010,17544758.662,16920821.7,605872.5,18064.462,64
AK,2011,18789803.038,17909535.3,861857.0,18410.738,67
AK,2012,19033119.546321,18072899.186708998,940569.11645,19651.243162,68
AK,2013,18783388.96,17691046.9,1073465.25,18876.81,69
AK,2014,18190225.851999998,17162636.7,1009143.25,18445.902,73
AK,2015,18532505.338,17558982.3,954374.75,19148.288,74
AK,2016,15003771.362,14018183.5,969371.0,16216.862000000001,65
AK,2017,15195128.524,14148148.5,1030608.5,16371.524,64
AK,2018,14230830.175999999,13667803.5,546573.5,16453.176,62
AK,2019,14324145.772,13730822.2,576504.75,16818.822,64
AK,2020,14263438.38,13728015.700000001,518053.75,17368.93,63
AK,2021,14240136.934,13661204.7,561698.0,17234.234,61
AK,2022,14359970.09,13819850.7,522819.0,17300.39,60
AK,2023,14212704.844,13688867.9,506745.75,17091.194,136
AL,2010,101858388.012511,98260201.219496,2908518.234925,682934.5580900001,154
AL,2011,111170684.13408001,98957019.597,11211161.425,694261.924,168
AL,2012,102946241.36055,91750621.032,10322175.900150001,609006.806,177
AL,2013,101897944.04980001,90487699.568,10678665.675,457384.406,177
AL,2014,104082766.40456,92758402.432,10480681.5,531481.212,179
AL,2015,98214178.352244,87574156.1301,9908382.0825,468608.8442,177
AL,2016,89541826.18166,79960747.10000001,8745029.225,533465.296,176
AL,2017,85042070.541572,74889630.4,9289756.4,440893.682,176
AL,2018,88098505.324172,77522391.0,9754721.075,355096.204,179
AL,2019,81563922.844432,71404104.3,9145142.075,339959.294,178
AL,2020,73795752.916324,64101758.6,8910358.475,338395.39,174
AL,2021,78488376.41196,69577806.3,7897090.925,411170.566,172
AL,2022,79688549.211796,72009749.6,6702292.15,411760.308,168
AL,2023,72030311.522168,64758548.1868,6316899.5945,361374.938244,365
AR,2010,41939225.621127,39403998.103704,1838045.520925,697181.996498,119
AR,2011,46250139.41984,42612385.976,2483317.05175,1093368.4680899999,147
AR,2012,47297852.486696,43802923.328182,2522149.1375,915016.4330140001,146
AR,2013,47049180.596,44234556.4,2204680.75,548837.626,153
AR,2014,46960151.33,43943277.699999996,2156735.0,800511.4400000001,155
AR,2015,37737351.686,34839051.3,2218907.0,609533.074,158
AR,2016,39005972.182000004,36612495.6,2156200.5,175476.108,96
AR,2017,41102324.252000004,38744314.9,1862358.0,425517.18,97
AR,2018,47327666.921000004,44862114.4,1901172.5,477861.178,99
AR,2019,42081922.8512,39829349.3,1977265.5,207152.912,101
AR,2020,32751577.682,30454127.0,2037268.25,153839.818,100
AR,2021,39680572.849,37378815.0,2008588.0,209531.25,97
AR,2022,40881588.346,38590145.2,1982972.5,235107.1,95
AR,2023,37765105.63125312,35443068.09250788,2100382.5031239525,208640.18962129514,282
AZ,2010,61228865.679366,58918038.091809,1436684.263575,874143.323982,78
AZ,2011,59784701.361716,57232603.809,1605468.0847,687993.792,89
AZ,2012,59572653.85767,57048451.487017,1724807.31345,608855.793308,89
AZ,2013,61995309.319073,59408477.3,1735299.25,624024.218,87
AZ,2014,61797472.852095,58755286.4,1968258.0,663838.508,92
AZ,2015,58510623.776217,55579108.0,1884863.0,639929.968,90
AZ,2016,52793422.303241,49948735.9,1885550.25,552250.62,90
AZ,2017,52159427.339884,49578091.0,1713455.0,432543.424,89
AZ,2018,55830340.8765374,52851527.3,1701629.0,756805.27,89
AZ,2019,51657551.110412,48795787.7,1793616.75,638333.5819999999,91
AZ,2020,43507354.386198,40957922.4,1460826.75,562444.008,90
AZ,2021,42254463.920369,39679040.8,1475579.0,493812.522,89
AZ,2022,40437720.535218,37729909.1,1620891.5,575689.512,89
AZ,2023,41985085.759513,39371424.6,1698509.75,518766.148,191
CA,2010,110200169.71418923,101943824.58117186,8095220.013456346,161125.11956102832,462
CA,2011,103318459.77286182,94108356.6189086,8743949.641928962,185039.56128076682,484
CA,2012,114487051.8499935,105236785.765945,8826479.938825,206271.089174,495
CA,2013,114435084.6350495,105996555.59200001,8014938.625,200789.122,493
CA,2014,116384797.0829434,108033545.648,7909775.325,172596.534,490
CA,2015,112455017.970751,104370306.8,7637443.25,182576.554,457
CA,2016,97751237.2713107,91130747.3,6308105.75,142638.892,421
CA,2017,93919193.8288377,86901395.4,6761372.75,126803.768,403
CA,2018,95511235.4979059,88642494.3,6597851.0,129762.61,399
CA,2019,91463393.789501,84486788.5,6773278.5,123738.838,384
CA,2020,90327489.623786,83280179.4,6850177.75,115419.572,378
CA,2021,91955083.83659591,85209067.7,6527914.75,119000.936,370
CA,2022,91415773.1550743,84664470.3,6530535.25,120562.754,365
CA,2023,90483453.6121253,83231653.9,7090046.9,112188.06,916
CO,2010,50586826.623943,48945134.65929,1446017.331425,195674.633228,139
CO,2011,54317175.181527,48979702.382,4718740.416275,189777.179852,150
CO,2012,53799188.063415,49126286.032494,4179613.120675,192639.545246,155
CO,2013,52406556.270045996,48853189.868,3057549.075,189820.04,156
CO,2014,52062303.17098,48336309.908,3015215.65,186149.57400000002,160
CO,2015,51253681.676748,47681018.12264,2851404.54575,184874.62868,159
CO,2016,47526694.236875,44416947.4,2414741.0,174496.582,120
CO,2017,46474289.054284,43587009.2,2251192.0,170447.656,114
CO,2018,45273728.049258,42506201.300000004,2160980.5,153697.37399999998,115
CO,2019,45015352.430993,42185048.1,2314383.5,150040.91400000002,113
CO,2020,39870589.376263,37656936.0,1835272.25,125022.92,113
CO,2021,41521898.119537,39334338.9,1782371.25,140377.668,115
CO,2022,40641779.568764,38786965.0,1500124.5,132926.17799999999,116
CO,2023,37798968.158522,35923502.5,1570826.0,117771.686,309
CT,2010,10307078.672125,9979775.1,278595.770125,48707.802,46
CT,2011,8832952.020373,8630389.9,166630.740275,35931.380098,49
CT,2012,9039496.826327,8876929.7,126773.936875,35793.189452,50
CT,2013,9028271.905,8873746.200000001,119321.475,35204.23,48
CT,2014,8939331.781,8756665.0,120194.075,36307.426,49
CT,2015,9670578.629999999,9510226.5,114100.25,34359.4,44
CT,2016,9164715.758,9017558.5,108180.75,31840.108,41
CT,2017,8378906.739,8226743.399999999,118275.725,30319.414,41
CT,2018,10228586.91,10084198.9,114574.6,29813.41,41
CT,2019,9516567.3,9351760.0,136162.05,28645.25,40
CT,2020,10744809.376,10602320.8,112975.55,29513.025999999998,40
CT,2021,11161557.965,11017549.5,114072.875,29935.59,39
CT,2022,11029745.557,10881851.1,121310.175,26584.282,38
CT,2023,10889445.310999999,10763095.3,102440.875,23909.136,89
DC,2010,579739.826,578421.0,458.5,860.326,7
DC,2011,456788.7,455835.2,357.5,596.0,7
DC,2012,280592.114,280235.8,157.25,199.064,6
DC,2013,264243.32399999996,263970.4,127.5,145.424,5
DC,2014,287854.724,287477.8,157.0,219.924,5
DC,2015,245799.47400000002,245472.59999999998,136.75,190.124,4
DC,2016,238883.18600000002,238592.69999999998,124.5,165.986,4
DC,2017,241037.58999999997,240767.09999999998,120.0,150.49,4
DC,2018,297473.828,297087.3,159.75,226.778,5
DC,2019,277495.19200000004,277178.2,137.0,179.992,5
DC,2020,237668.71399999998,237416.5,112.75,139.464,4
DC,2021,228779.636,228543.9,107.0,128.736,4
DC,2022,291407.448,291106.5,136.75,164.198,6
DC,2023,279349.994,279051.7,133.5,164.79399999999998,15
DE,2010,4750822.898,4597934.4,138621.45,14267.047999999999,20
DE,2011,6776025.262999999,6534242.5,226709.625,15073.138,22
DE,2012,9162516.674999999,8867973.5,275247.675,19295.5,22
DE,2013,8237706.465,7932152.9,288811.925,16741.64,22
DE,2014,8155013.814,7798458.699999999,343333.45,13221.664,21
DE,2015,8028759.329,7547395.7,468028.725,13334.904,20
DE,2016,8308834.652,7832019.8,462771.9,14042.952,18
DE,2017,7025671.453,6560009.7,455466.875,10194.878,18
DE,2018,6996663.26,6578191.0,407447.75,11024.51,19
DE,2019,5916081.61,5506580.4,400704.25,8796.960000000001,18
DE,2020,5875743.134,5507280.800000001,360592.75,7869.584,19
DE,2021,6032968.0,5652184.600000001,372275.5,8507.900000000001,20
DE,2022,6620993.5540000005,6258908.7,351908.75,10176.104000000001,20
DE,2023,5794098.904,5464632.3,321674.5,7792.104,45
FL,2010,146524715.064443,134507426.189412,6857184.968275,5160103.906756001,180
FL,2011,140740346.451866,123629572.92300001,6259533.2845,10851240.244366,183
FL,2012,133000950.950784,120645096.259917,6615881.298525,5739973.392342,187
FL,2013,128942147.771,118084401.48,6345788.75,4501027.164,189
FL,2014,134703778.7020498,123269067.30556,6424203.30315,4994554.5633547995,188
FL,2015,132629226.77517799,122279707.042331,6253597.45240875,4080300.27727123,179
FL,2016,133995838.53267466,119928720.788061,6526405.034592,7524027.711233664,174
FL,2017,131847732.27352315,117108243.173107,6979545.22273045,7748232.914094697,173
FL,2018,132579346.65733667,114549517.6895484,7203460.3400535,10814815.881143771,177
FL,2019,119615352.505,106421894.31,7391669.375,5801788.82,173
FL,2020,119730873.595,104777585.2,6444959.275,8508329.12,173
FL,2021,117059369.13499999,102788519.9,6605195.575,7665653.66,176
FL,2022,112632948.37,103336694.9,6573162.25,2723091.2199999997,176
FL,2023,108910230.13245444,100826938.99246,6624336.552919775,1458954.5870746623,387
GA,2010,96153848.483396,89939872.872604,4995004.21815,1218971.392642,155
GA,2011,87022018.127349,80894609.062,5056226.151025,1071182.914324,163
GA,2012,74957992.570152,68712043.453362,5271940.8982,974008.21859,170
GA,2013,73441127.558,66860041.93,5637256.75,943828.878,173
GA,2014,78860177.436,72213968.10000001,5754740.25,891469.086,172
GA,2015,74230969.616,67821263.3,5603499.5,806206.816,174
GA,2016,74951849.052,68831071.0,5165032.75,955745.302,164
GA,2017,68301509.084,62292466.8,5176487.5,832554.784,162
GA,2018,68898220.75,62656845.9,5577408.5,663966.35,166
GA,2019,65637571.77,59342879.6,5770312.0,524380.17,163
GA,2020,52959441.094,46781292.3,5616291.25,561857.544,164
GA,2021,56707731.93,50927061.9,5139713.75,640956.28,167
GA,2022,55065581.516,50085705.2,4781775.75,198100.56600000002,169
GA,2023,54791990.6149088,49809430.32736,4745809.1914,236751.0961488,373
GU,2010,1270953.568,1266667.0,1272.0,3014.568,3
GU,2011,1318871.114,1314485.7,1295.75,3089.6639999999998,3
GU,2012,1065650.608,1062077.7,1056.0,2516.908,3
GU,2013,1113787.6199999999,1110048.3,1105.0,2634.32,3
GU,2014,1248516.406,1244488.6,1190.25,2837.556,3
GU,2015,1271513.716,1267381.9,1221.25,2910.566,6
GU,2016,1153742.202,1122685.0999999999,28472.25,2584.852,7
GU,2017,1220878.234,1183761.4,34387.75,2729.084,7
GU,2018,1236383.3739999998,1193786.9,39851.0,2745.474,8
GU,2019,1248818.328,1200897.0,45131.75,2789.578,8
GU,2020,1213148.368,1160469.5,49969.75,2709.118,8
GU,2021,1363715.4300000002,1306426.9000000001,54238.5,3050.03,8
GU,2022,1308218.662,1246479.9000000001,58805.25,2933.512,9
GU,2023,1304859.4039999999,1239053.6,62848.75,2957.054,19
HI,2010,9578090.700362,9198594.583151,344067.535825,35428.581386,26
HI,2011,9794504.21845,9359408.483,400060.47145,35035.264,27
HI,2012,9486147.213315,9002384.600533,449055.4888,34707.123982,28
HI,2013,8872298.428,8433446.2,402090.65,36761.578,28
HI,2014,9043135.698,8618318.0,389862.0,34955.698,28
HI,2015,8899752.398,8476436.1,389083.25,34233.048,28
HI,2016,8669801.718,8307412.5,328293.25,34095.968,28
HI,2017,8190031.022,7831063.3,329804.25,29163.471999999998,28
HI,2018,8192002.508,7853286.7,307613.25,31102.558,29
HI,2019,8019629.806,7669070.899999999,320394.75,30164.156000000003,28
HI,2020,7126560.558,6798273.0,301059.0,27228.558,28
HI,2021,7015137.126,6673998.5,314844.0,26294.626,28
HI,2022,6976797.038,6653987.8,297060.25,25748.987999999998,28
HI,2023,6706243.412,6401870.3,282084.5,22288.612,56
IA,2010,62027756.465583,59621406.439823,1202150.7491,1204199.27666,142
IA,2011,59734215.384222,56718045.238,1888979.09265,1127191.053572,149
IA,2012,56518410.105092,53708976.109988004,1638200.74405,1171233.251054,150
IA,2013,54413403.58,51901497.7,1503828.5,1008077.38,152
IA,2014,54854615.258,52419590.4,1400042.25,1034982.608,154
IA,2015,50236383.346,47854921.1,1451890.0,929738.2459999999,151
IA,2016,46116560.032,43738158.7,1465311.75,913089.5819999999,150
IA,2017,50280652.005,47828546.2,1584155.475,867950.33,154
IA,2018,55525502.596,52995314.7,1618888.4,911299.4959999999,152
IA,2019,48735706.578,46313236.8,1489279.5,933190.278,152
IA,2020,40026879.054,37824393.4,1438526.0,763959.654,152
IA,2021,47701552.142,45289686.1,1452804.0,959062.0419999999,152
IA,2022,44557789.254,42037792.9,1473413.5,1046582.8539999999,152
IA,2023,43592023.7918576,41110451.692719996,1505339.8153,976232.2838375999,324
ID,2010,3197555.948,2826867.7800000003,331965.75,38722.418,42
ID,2011,3437363.8426,2981503.17,375074.0,30064.028000000002,46
ID,2012,3715932.2636,3224629.61,410530.0,28057.296,46
ID,2013,4771471.0813,4121626.6599999997,595294.5,13106.636,45
ID,2014,4217627.075819,3598796.1,568561.75,11636.006,45
ID,2015,4883297.847304,4188443.5,627932.75,11528.130000000001,42
ID,2016,4568577.670743,3905323.0999999996,583199.0,10399.604,37
ID,2017,4402486.879725,3784580.7,560951.5,9579.508,36
ID,2018,4353618.915513,3761231.6,530749.75,9705.264,36
ID,2019,5106993.470501,4467020.5,605788.25,7820.116,38
ID,2020,5010932.685489,4366641.3,601384.25,7024.158,38
ID,2021,5297755.636895,4667734.5,588426.0,8125.566000000001,37
ID,2022,5199181.994486,4558778.1,600809.0,9173.93,38
ID,2023,5668302.316486,5171475.5,456741.25,7978.354,89
IL,2010,134226896.261978,129255935.829464,4119893.4734,851066.959114,252
IL,2011,136628598.94915208,127560011.26483954,6476657.649339675,765038.4337317124,274
IL,2012,129959800.33181556,120202160.72561869,7325012.523880809,666090.0898160633,276
IL,2013,133740310.0696,122945486.3,7661108.5,654051.294,278
IL,2014,131453712.25919999,121926538.3,7532411.25,529374.65,276
IL,2015,119584049.5457,109178979.6,8830852.75,481260.762,269
IL,2016,106411164.0609,96408161.4,8727002.5,407630.922,261
IL,2017,101375964.3504,93162186.4,6931857.875,391823.214,254
IL,2018,105152838.7902,97598768.89999999,6103426.425,506411.962,250
IL,2019,96006895.2876,89021474.3,5621582.3,402608.728,243
IL,2020,77112932.6014,70490558.7,5352175.0,316248.328,233
IL,2021,86434097.6568,80131255.3,5008805.325,324267.806,227
IL,2022,82557690.5798,75945111.6,5462569.8,318822.75,223
IL,2023,71355070.6934,64976315.8,5338678.15,261958.688,516
IN,2010,162682555.02201,158146038.593344,3821969.37195,600891.056716,179
IN,2011,164905161.836021,159001220.931,5091762.971925,567724.523896,196
IN,2012,154618027.061973,148613236.142808,5153053.447175,651596.8929900001,198
IN,2013,155561559.954,149501780.0,5348341.5,507994.938,202
IN,2014,159740200.482197,153570970.9,5342724.25,523293.66199999995,206
IN,2015,141499550.899197,135233997.8,5540077.5,435641.73,202
IN,2016,138002493.686773,132400842.7,4938781.75,409782.184,193
IN,2017,135664319.827788,130157562.9,4929526.0,396624.292,192
IN,2018,143046655.396,137194817.8,5148075.5,421954.59,195
IN,2019,128458269.847,122007986.8,5748047.25,344509.456,193
IN,2020,111890422.608,106344466.7,4889307.75,287856.08,192
IN,2021,119945372.347,114632755.1,4542372.25,322385.042,189
IN,2022,116746221.132,111898085.5,4083359.5,310982.668,187
IN,2023,107903850.47280224,103141869.049328,4216041.90122,257013.85625424,416
KS,2010,48946131.118277,46375305.537382,2210717.831925,360107.74896999996,107
KS,2011,48637772.084875,45954090.336,2319657.017875,364024.731,121
KS,2012,45014993.589659,42097730.775335,2486534.86205,430727.952274,123
KS,2013,46288494.662,43240081.0,2310187.5,738226.162,122
KS,2014,45649910.168,42492940.800000004,2376815.5,780153.8680000001,125
KS,2015,40976661.772,38392398.5,1907665.0,676598.272,125
KS,2016,39380140.386,36814683.2,1720975.25,844481.936,116
KS,2017,35371986.232,33082820.1,1439260.0,849906.132,111
KS,2018,37170806.344,34552370.0,1781010.75,837425.5939999999,111
KS,2019,33963884.79,31773522.0,1473008.25,717354.54,107
KS,2020,32612575.796,30727445.2,1535427.0,349703.59599999996,105
KS,2021,34530253.572,32573644.9,1590548.75,366059.922,104
KS,2022,36170464.838,34382052.5,1364662.0,423750.33800000005,107
KS,2023,32434383.772,30737490.7,1353987.75,342905.322,245
KY,2010,114207046.056728,107000272.0,2109219.03195,567997.464778,126
KY,2011,121799987.2584906,106398484.78506014,4741626.67842996,569622.3713805128,157
KY,2012,110989900.9217751,98873904.28936091,4466475.07130602,527962.3906081757,155
KY,2013,109938897.48338,97644501.1,4102318.0,505876.456,156
KY,2014,110477546.47376001,98031726.0,4601059.575,457360.566,155
KY,2015,99684138.707,89056310.3,4269137.825,411549.026,148
KY,2016,91325858.037,82978551.2,3723782.4,374331.21,140
KY,2017,83853224.0435,73492081.3,3567502.475,320824.71400000004,131
KY,2018,86230080.91499999,77529068.4,3681516.0,330481.702,135
KY,2019,78293975.336,69454110.2,3585344.325,289915.856,136
KY,2020,66395752.452,59540050.7,3187908.2,243063.402,135
KY,2021,73776981.6285,67030366.1,2905869.075,279134.216,132
KY,2022,72616520.1855,66771158.1,2756025.7,270476.124,132
KY,2023,65082784.771000005,61425164.8,2734253.575,250903.782,313
LA,2010,131640875.619055,122581138.24308,2262432.975675,2899567.5203,284
LA,2011,144563466.5533,132550909.503,5473426.4242,2785148.528,376
LA,2012,140671257.24,129722705.386,5419570.85,2397851.934,386
LA,2013,136949863.97,128131337.244,5402652.35,2532078.286,391
LA,2014,137412052.07,128774803.191,5542776.525,2318384.2739999997,414
LA,2015,138555177.5562,129397613.75874999,5290910.55875,3128302.4266999997,408
LA,2016,139320427.016,131444812.5,5363595.125,2094168.4780000001,402
LA,2017,140635717.699,133003958.9,5612930.525,1560248.4340000001,401
LA,2018,145172233.26946056,136500461.80100358,6252685.2765065655,1850586.8319504168,412
LA,2019,146955135.31781688,138246748.21534613,5605885.804301378,2663074.147169368,418
LA,2020,135974216.8330339,128402227.80478585,4814764.860382575,2306944.838865471,416
LA,2021,140421687.10495734,132708055.70385578,4694079.749051572,2570805.717249995,417
LA,2022,147604478.3851107,140414346.83996087,4862845.834069761,2049749.2414800592,410
LA,2023,144318455.12248883,136886564.17259607,4597319.947265475,2764672.864027277,935
MA,2010,21667167.830347,21074921.550235,508016.27645,84230.003662,84
MA,2011,18035405.667873,17356567.585,505571.891575,71063.046502,88
MA,2012,15688936.3693658,14982017.452595,549644.673,59719.467604,89
MA,2013,16170357.3378,15562120.0,455674.7,69451.582,86
MA,2014,14334723.35312,13761724.1,398221.5,65632.414,83
MA,2015,14715645.344516,14183128.7,405731.275,60231.462,79
MA,2016,14008323.825349001,13487511.4,370685.275,60042.231999999996,76
MA,2017,13480298.127122,12971378.5,348517.975,55916.124,73
MA,2018,11122736.607683,10607838.2,337002.5,49671.534,73
MA,2019,9305515.362001,8812208.4,338131.75,46520.78,70
MA,2020,8848315.584835,8382643.5,300605.75,44435.376000000004,70
MA,2021,9217615.661608,8820648.1,216108.5,47676.126000000004,68
MA,2022,9851718.443554,9472529.200000001,196516.5,48500.99,66
MA,2023,8812173.096699,8481388.6,180373.75,46729.976,155
MD,2010,33742445.889314,31981025.7068,1591720.69485,169699.48766400001,68
MD,2011,30848873.797,29199283.241,1502900.95,146689.606,68
MD,2012,24872384.728,23601364.55,1149201.95,121818.228,67
MD,2013,22975063.294,21783598.95,1081553.6,109910.744,67
MD,2014,25401529.169999998,24082467.6,1199946.5,119115.07,69
MD,2015,22545794.483999997,21435861.1,1011404.75,98528.634,65
MD,2016,22460154.224,21310233.599999998,1050086.75,99833.874,63
MD,2017,17617942.702,16450390.2,1095481.5,72071.00200000001,61
MD,2018,22387280.874,21252552.2,1054607.5,80121.174,63
MD,2019,18501112.259999998,17357074.3,1084469.25,59568.71,60
MD,2020,15720136.432,14635261.8,1039456.75,45417.882,58
MD,2021,18385332.006,17346988.7,978885.75,59457.556,55
MD,2022,17018793.122,15996818.9,972435.0,49539.222,52
MD,2023,14414739.993999999,13360602.6,1018786.25,35351.144,130
ME,2010,5884875.795751,5555326.6281429995,219473.45945,110075.70815800001,26
ME,2011,5874336.295577,5076689.83,553047.472875,117835.576902,29
ME,2012,5188597.696688,4482322.543644,441372.94415,121772.068694,29
ME,2013,4569728.9748,4032496.7,336927.95,62118.398,28
ME,2014,4725446.828373,4193931.2,337243.4,56714.466,29
ME,2015,4078084.9423909998,3585478.2,304084.775,42489.734,27
ME,2016,3684246.303863,3232389.2,279293.7,38309.986,25
ME,2017,3070973.146799,2631384.1,266213.375,39740.982,23
ME,2018,3191199.938432,2766217.1999999997,257795.625,39138.128,25
ME,2019,2923516.10599,2516670.1,252551.4,37888.614,27
ME,2020,2894692.788462,2498965.8,250686.425,33886.176,28
ME,2021,3318132.880608,2905220.7,263499.75,29221.284,28
ME,2022,3811800.760626,3404948.5,277157.8,30164.156,29
ME,2023,3421059.713632,3024476.2,294673.425,26425.746,64
MI,2010,99287132.4109665,93426484.865866,5439930.3223225,420717.222778,216
MI,2011,93988925.78305283,88071219.96078916,5267138.272968888,390462.9461947797,222
MI,2012,92158466.76016007,86700473.93662101,4951731.307767169,366615.2697719005,223
MI,2013,91568201.9094,86508615.299,4660066.425,353747.5454,224
MI,2014,87909763.03,83007504.965,4496280.025,331831.94,226
MI,2015,89668711.19499,84551835.21337,4714871.7925,333284.44862,221
MI,2016,82373964.174,77842668.1,4216324.25,270967.824,219
MI,2017,81442400.6372,76897213.005,4209089.0,258286.136,213
MI,2018,84621993.83219999,79997642.575,4314970.75,279038.26,215
MI,2019,78632573.566,74032936.0,4318921.75,239083.016,219
MI,2020,66268530.672,61832950.5,4199290.75,187543.022,215
MI,2021,74282462.182,69722843.5,4268918.75,237188.33200000002,211
MI,2022,74630115.65,70530256.4,3812424.75,225600.9,212
MI,2023,67545273.506,63550057.7,3782237.5,174925.106,468
MN,2010,46933861.035573,45944496.554669,754764.7413999999,234599.739504,134
MN,2011,47221324.34496141,45438706.416956,1113157.964385909,235637.49991710365,140
MN,2012,42530234.45054357,40855929.4000016,1168677.5966040455,207958.70403462218,144
MN,2013,43180939.2929072,41569882.92,1109649.575,201005.172,143
MN,2014,47036005.8006938,44959849.812,1540869.0,218169.972,139
MN,2015,43167239.3356649,41085026.091,1642144.775,182033.30000000002,134
MN,2016,42388963.872262,40594689.43,1412953.3,180528.4,129
MN,2017,42533098.093829,40690607.93,1469143.575,173565.03399999999,129
MN,2018,44373330.7251823,42442633.72,1500716.5,180080.506,132
MN,2019,39603090.1543741,37613385.54,1625027.25,140993.932,132
MN,2020,34609329.908663504,32794838.53,1519538.5,120264.75399999999,132
MN,2021,37968680.5697629,36044713.42,1592873.75,130097.56199999999,130
MN,2022,36335593.0652503,34801839.339999996,1196175.25,133487.312,128
MN,2023,34463710.6780626,32927417.135,1241852.5,112829.058,285
MO,2010,92031602.353375,88809023.3,2207046.921375,828003.132,109
MO,2011,95152132.89806327,92376513.568972,1784094.603965,802911.77512628,114
MO,2012,88672513.10419463,86003175.8863777,1614759.8650907457,758135.643726169,117
MO,2013,89785686.088,87289124.0,1458611.9,739756.988,116
MO,2014,86602817.785,84004689.8,1449574.0,822324.444,117
MO,2015,80178896.954,77434868.1,1431120.75,885720.666,117
MO,2016,75084497.453197,72793336.37,1439045.25,793855.9079999999,110
MO,2017,81304039.587983,79109036.2,1459162.75,730628.354,105
MO,2018,78954442.283,76765946.8,1475189.0,583334.106,109
MO,2019,71344387.166,69030075.6,1494027.25,554971.062,107
MO,2020,68057631.93,65778572.0,1545944.75,604195.894,107
MO,2021,73198745.375,70835228.2,1545545.0,668316.554,106
MO,2022,70443271.1726,67752469.8,1428652.0,1151030.0659999999,106
MO,2023,59526790.8686,56893706.0,1413107.25,1071739.418,236
MS,2010,39619947.055762,36009138.301529,1761244.644875,1849564.1093579999,88
MS,2011,35841866.195775,32210876.989,2207715.714775,1414568.452,103
MS,2012,36664711.32109,32885287.553999,2259421.116625,1519282.170466,108
MS,2013,35910392.484,32342109.580000002,2233370.25,1334766.734,108
MS,2014,37830644.133,34431665.5,2198164.325,1200214.668,113
MS,2015,40025995.159,36448417.34,2134855.225,1442526.514,111
MS,2016,41051803.538,37434862.0,2180891.0,1435740.458,110
MS,2017,39528334.786,35664367.5,2271907.65,1592059.636,103
MS,2018,41580153.785000004,37935552.8,2404393.525,1240207.46,107
MS,2019,39955840.24,36148507.3,2297194.1,1510138.84,106
MS,2020,41232787.696,37823049.1,1921645.2,1488093.396,107
MS,2021,39923697.402,37151519.699999996,1720170.95,1052006.7519999999,106
MS,2022,41856709.036,38772627.5,1687137.4,1396944.136,110
MS,2023,41636843.55990544,38602356.18892,1670232.068954,1364255.30203144,246
MT,2010,25220750.66,24327413.1,786960.5,106377.06,37
MT,2011,21888874.444,21376944.400000002,421136.0,90794.04400000001,39
MT,2012,21150763.524,20641043.5,421828.5,87891.524,39
MT,2013,21863097.031999998,21439724.8,331555.75,91816.48199999999,36
MT,2014,22522014.645999998,22054541.6,370950.25,96522.796,37
MT,2015,23115840.7,22604099.4,414079.25,97662.05,34
MT,2016,21079274.648000002,20670732.6,319253.5,89288.548,30
MT,2017,20042385.156,19678882.700000003,278960.75,84541.70599999999,27
MT,2018,19780293.344,19388879.599999998,308919.0,82494.744,28
MT,2019,20872516.86,20438181.5,348341.5,85993.86000000002,28
MT,2020,14578355.822,14173833.5,347585.25,56937.072,28
MT,2021,16914170.96,16472379.600000001,372187.5,69603.86,27
MT,2022,17537871.182,17070667.099999998,394586.25,72617.832,28
MT,2023,18007480.978,17519415.2,416021.0,72044.778,71
NC,2010,80847772.4414,76622277.49000001,3747682.6454,477812.306,135
NC,2011,71359643.517975,66107212.85,4281332.7541000005,415195.919604,140
NC,2012,66816404.031835,61928712.06,4035730.512,382402.904752,143
NC,2013,65163747.288770996,60415226.75,3928065.5,275118.666,145
NC,2014,67087545.82461099,62211751.5,4017466.75,284698.174,138
NC,2015,62682124.432436,57754139.6,3979024.5,243951.144,132
NC,2016,62446025.398066,57100925.0,4328239.5,238246.53,129
NC,2017,57452893.771966,52682799.400000006,3846060.75,223815.88,123
NC,2018,58829045.825884,53834536.3,4022192.75,213388.86000000002,126
NC,2019,56040077.655092,51123723.0,3835047.75,204056.096,125
NC,2020,45425990.847954996,41449225.3,3520624.0,154537.734,125
NC,2021,48881589.725453,44716709.1,3629874.75,149269.988,128
NC,2022,48990812.198722996,45001925.8,3573989.5,121709.15999999999,126
NC,2023,44271080.088987,40418256.1,3392530.25,115472.616,285
ND,2010,37715618.314626,37170736.770968996,380774.915225,164106.628432,40
ND,2011,37137336.73625,36439779.771,542933.40725,154623.558,44
ND,2012,38421338.935633,37685828.42365,575566.023625,159944.488358,47
ND,2013,36793248.196,35981015.7,659305.75,152926.746,50
ND,2014,36475123.46,35595032.0,726243.0,153848.46,55
ND,2015,39107197.934,38224246.4,725702.0,157249.534,56
ND,2016,38582922.938,37744137.5,688465.0,150320.438,58
ND,2017,38499302.296,37562278.1,787591.5,149432.696,61
ND,2018,40657241.53870416,39813571.24160885,689266.1524663273,154404.1446289801,62
ND,2019,37755893.6126511,36786745.77128211,829700.8013293457,139447.04003965054,62
ND,2020,36124429.36264888,35246913.45792717,743068.0897248135,134447.8149968973,62
ND,2021,36789526.633829676,35854814.105232075,797747.5940533469,136964.93454426105,63
ND,2022,37077317.16930729,36298172.616865925,638002.14915644,141142.40328492247,64
ND,2023,34493055.64619019,33735014.4318877,629467.011673759,128574.20262873005,136
NE,2010,31088106.1107,29967007.145864,990530.30745,130568.657386,71
NE,2011,33446337.37515,32298390.351999998,1005992.23485,141954.7883,72
NE,2012,32140574.055169,31018567.445175,987023.8735,134982.736494,76
NE,2013,33745883.552,32528848.7,1072788.25,144246.602,73
NE,2014,32244485.924,31062784.6,1046509.75,135191.574,75
NE,2015,31225652.144,29908017.400000002,1187199.25,130435.49399999999,75
NE,2016,28808453.296,27619183.1,1071798.0,117472.196,73
NE,2017,29085756.374,27883705.8,1085521.25,116529.324,72
NE,2018,31549722.578,30229467.099999998,1194302.5,125952.978,75
NE,2019,28837085.024,27607470.7,1117070.75,112543.57400000001,75
NE,2020,26621729.474,25551915.7,965346.0,104467.774,74
NE,2021,26687404.577999998,25533496.8,1030532.5,123375.27799999999,74
NE,2022,27738670.586,26569621.1,1045511.5,123537.98599999999,74
NE,2023,25626497.191999998,24308641.0,1028571.5,289284.692,159
NH,2010,6017622.222175,5651557.6,335436.18217499997,30628.440000000002,18
NH,2011,5681177.172,5287687.3,368520.75,24969.122,18
NH,2012,4811167.349287,4505404.663742,284392.154925,21370.53062,18
NH,2013,3936267.25,3607972.3000000003,307092.25,21202.7,18
NH,2014,3796329.158,3502543.1,276130.75,17655.308,19
NH,2015,4019258.842,3719014.7,284441.5,15802.642,18
NH,2016,2898767.288,2589860.1,297827.25,11079.938,17
NH,2017,2393887.736,2066719.8,316974.25,10193.686,17
NH,2018,2723778.972,2365243.9,346856.75,11678.322,17
NH,2019,2436896.164,2058187.8,369427.75,9280.614,17
NH,2020,2176746.9420000003,1827135.0,344954.5,4657.442,17
NH,2021,2727080.62,2329557.0,392252.0,5271.62,17
NH,2022,2905627.626,2614623.8,285077.5,5926.326,17
NH,2023,2392512.722282,2116436.6779,271857.117875,4218.926507,36
NJ,2010,26676065.457604,24851228.27231,1750435.2115,74401.973794,107
NJ,2011,25400944.465,23037241.056,1498632.575,71399.31,110
NJ,2012,24277034.970399,21809316.458214,1568109.073325,60021.988860000005,108
NJ,2013,23560439.858,20976316.1,1545616.75,57892.758,109
NJ,2014,26102925.674,23808949.2,1497828.55,63544.924,109
NJ,2015,27193526.661,24973677.1,1526890.125,60196.596,102
NJ,2016,28171814.976,26690649.4,1386175.0,59415.835999999996,98
NJ,2017,25015822.425,23607279.4,1272301.575,56799.694,94
NJ,2018,24750685.86,23522677.0,1131951.25,54938.982,91
NJ,2019,24997918.44,23827144.3,1083747.0,54170.142,88
NJ,2020,20245789.344,19197398.0,982540.0,47528.914000000004,87
NJ,2021,19820500.645999998,18787297.6,950190.75,46901.326,86
NJ,2022,20602042.194,19631291.0,889452.0,44098.934,86
NJ,2023,19352129.058,18423814.5,846324.6,41227.108,201
NM,2010,35731684.215411,35070618.6343,525933.880675,135131.700436,82
NM,2011,40825014.882021,38939470.057,1585051.505425,160894.968,86
NM,2012,39777926.095678,37871593.326038,1595037.6744,156159.042634,89
NM,2013,40266172.829454,38218891.276999995,1800651.875,148669.51799999998,93
NM,2014,36398795.8920236,34351877.36,1806393.0,131839.968,97
NM,2015,36388780.9500246,34081489.04344,2087680.89575,129305.86838,101
NM,2016,31717394.94597,29825999.2,1736605.25,110369.962,79
NM,2017,31449545.082994,29586392.8,1710191.0,115075.68,76
NM,2018,28181793.701907866,26377162.617204744,1679515.248952014,88220.68361610491,79
NM,2019,29754583.170128044,27944699.746911984,1678137.7791688056,94684.2139602546,84
NM,2020,27298384.0303705,25902306.417949565,1283398.9614463774,85795.43095655818,88
NM,2021,25891822.43258394,24063336.25597475,1704720.636504345,85068.38801784343,84
NM,2022,25668447.968283433,24094503.171624515,1455688.1469849297,85573.62991098703,86
NM,2023,20889136.80952509,19788403.18649189,968134.8604812016,58381.42341699917,212
NV,2010,20057971.05857,19735210.697453,276111.723025,46648.638092,41
NV,2011,17961527.72125,17734143.75504,188232.49675,39151.46946,40
NV,2012,18214213.381036002,17826283.028795,355818.612175,32111.740066000002,43
NV,2013,19135619.472,18775339.2,322445.0,37835.272,43
NV,2014,19676269.882,19236319.6,396640.75,43309.532,42
NV,2015,18114799.314,17760454.7,328823.0,25521.613999999998,42
NV,2016,17433640.442,17054806.5,356296.5,22537.442,40
NV,2017,16181052.822,15939392.1,221362.75,20297.972,41
NV,2018,16957065.538,16649128.1,284900.25,23037.188000000002,40
NV,2019,16999353.51,16581240.9,394400.75,23711.86,40
NV,2020,16780932.691999998,16371258.5,388999.25,20674.942,39
NV,2021,17137547.888,16723033.9,390217.75,24296.238,39
NV,2022,16152846.018,15786403.8,343446.75,22995.468,39
NV,2023,15595273.103122,15280366.4759,294644.325375,20262.301847,88
NY,2010,51365072.483277,48666833.036086,2485277.855975,186155.591216,215
NY,2011,47026440.0692903,43942838.521,2351485.13035,152988.310714,216
NY,2012,45825749.071327,42630346.377541,2370735.816,125992.013616,219
NY,2013,42973925.3488889,40087171.5,2044918.75,122328.106,219
NY,2014,43282039.9708018,40518905.7,2265457.2,193001.786,222
NY,2015,42325837.2791024,39802578.0,2183401.275,116368.106,217
NY,2016,39139653.4909021,37039689.5,1832927.9,107728.49,206
NY,2017,33781285.3973075,31495623.8,1966629.525,103519.538,203
NY,2018,36648220.5365066,34268007.3,2004920.95,110074.644,204
NY,2019,33542486.3974111,31182776.400000002,1982969.1,106306.732,206
NY,2020,35040116.7095051,32286366.3,2384269.9,101620.086,206
NY,2021,36521124.1775102,34130764.4,2018542.65,103801.446,205
NY,2022,38717396.9408925,36172272.7,2103531.85,106106.178,205
NY,2023,36379450.5969306,34400312.6,1627910.275,92547.178,447
OH,2010,156744678.048595,149330135.378371,6149238.1941,910064.476124,251
OH,2011,149453522.79981157,141818180.83135256,5853930.52994768,965203.5865113477,260
OH,2012,133621132.96729831,125616816.86800894,6484005.206901994,850787.3723873768,263
OH,2013,137393049.819,129481547.13,6597533.0,860323.02,260
OH,2014,137388847.778,129864721.5,6395649.0,909788.338,268
OH,2015,120208410.486,113521929.48,5839628.25,626921.076,273
OH,2016,115526179.792,109921308.98,4643019.0,675591.032,243
OH,2017,115605701.921,110430814.58,4230963.175,673623.6359999999,248
OH,2018,112375879.5548,106989700.9228,4422801.625,650188.916,254
OH,2019,103137730.54800001,97974573.949,4602236.275,482294.524,257
OH,2020,101666706.339,96499821.975,4522819.05,568626.6140000001,256
OH,2021,104913611.99,99337019.32,4732039.65,706906.6599999999,257
OH,2022,105553270.886196,100326875.879546,4559122.8,465102.606,257
OH,2023,99800411.43100001,94754464.4,4548095.225,245627.096,601
OK,2010,69118226.25408801,65757171.79688301,1962720.110975,1398334.3462300003,141
OK,2011,72051676.703425,67624223.669,2740664.562425,1686788.472,162
OK,2012,70934516.935981,66546856.693501,2671303.6711,1716356.57138,179
OK,2013,68779477.436,64044019.13,2938921.5,1796536.806,188
OK,2014,67090275.885,62412686.712,2741631.875,1935957.298,208
OK,2015,64343932.39413,59421849.100940004,2909567.92375,2012515.3694399998,213
OK,2016,59548141.978,55024937.7,2673991.8,1849212.4780000001,162
OK,2017,54653853.831,49934287.0,2559127.325,2160439.506,162
OK,2018,57626457.42722591,52768118.842505485,2706867.178425722,2151471.406294705,165
OK,2019,51267635.91741584,46834342.124784715,2594052.366699389,1839241.425931732,167
OK,2020,48474332.53499221,44039673.86975357,2527833.8832672504,1906824.7819713915,171
OK,2021,48284731.39508533,44572815.684599005,2476574.7399542932,1235340.9705320275,168
OK,2022,48160430.46127757,43922815.07959261,2259766.3194575342,1977849.0622274247,165
OK,2023,48009084.431490116,43956539.77600348,2327745.4133453025,1724799.2421413367,408
OR,2010,13696991.616807,12501292.2,1084721.3682249999,110978.048582,53
OR,2011,10620332.733905401,8911956.0,1085942.45845,109743.282006,62
OR,2012,11324045.7648048,9497665.25121,1165911.03165,102111.503198,62
OR,2013,13321742.914201401,11781216.2,1046162.25,66386.652,64
OR,2014,12539922.740481,10773225.2,1100604.75,74996.766,63
OR,2015,13088694.1081593,11364151.0,1131835.5,70906.418,59
OR,2016,12078952.4956484,10505046.7,989387.25,56948.098,56
OR,2017,11864390.494096,10417474.5,927252.0,85067.67599999999,55
OR,2018,12850605.06784,11241068.299999999,936241.0,79085.028,56
OR,2019,15114901.69452,13544266.1,882666.25,88205.318,56
OR,2020,13563239.621687,11996028.7,799069.5,109735.22200000001,57
OR,2021,13046156.559748301,11388354.0,751109.75,112041.146,55
OR,2022,12046743.0938037,10505880.9,723946.25,122923.51,55
OR,2023,13734568.6294543,12184372.0,856364.5,120484.38,124
PA,2010,152925723.41125602,148505453.286925,3618787.384025,801482.740306,262
PA,2011,152755933.062518,140731154.463,10839700.12745,666442.988068,291
PA,2012,143087603.837696,131620229.592457,10390871.011975,559914.455264,306
PA,2013,144852864.899,132319111.15,11552380.225,533868.7880000001,322
PA,2014,136898008.523,125500452.8,10516506.125,499583.59,332
PA,2015,127686704.99373,116174961.4,10681032.9,422513.638,337
PA,2016,119176877.17876,108299258.39999999,10160974.425,368774.702,283
PA,2017,114886133.8557,102908200.2,11085198.424999999,336901.814,276
PA,2018,112621785.353591,100908515.8,11132307.45,320427.48,284
PA,2019,113913827.185743,100371782.669773,12498068.8,288861.532,286
PA,2020,103602484.30794,91945034.0,10512415.425,213194.266,281
PA,2021,110952398.90571,99755817.7,10267521.5,242467.69999999998,288
PA,2022,108280198.56626,97482342.5,9872902.825,219735.962,286
PA,2023,102733194.14132279,90634912.44916,11449569.279649999,164311.3349428,686
PR,2010,18917173.58125,17709540.8,1159069.80725,48562.974,30
PR,2011,19432067.20845,17408248.2,1977355.14645,46463.862,31
PR,2012,18355001.80845,17228319.0,1084056.88845,42625.92,31
PR,2013,16797386.996,15655030.700000001,1120259.0,22097.296,31
PR,2014,16342728.290000001,15327311.1,976072.25,39344.939999999995,26
PR,2015,16787327.31,15849494.6,898751.5,39081.21,25
PR,2016,14566153.168,13505587.6,1023951.5,36614.068,24
PR,2017,11758616.178,10728248.0,1003418.25,26949.928,24
PR,2018,11538706.592,10786196.299999999,724474.75,28035.542,21
PR,2019,12506564.866,11878641.2,595935.75,31987.916,20
PR,2020,13915650.928,13333429.4,547277.75,34943.778,20
PR,2021,14318847.842,13681644.7,603706.75,33496.392,23
PR,2022,14780783.598000001,13913678.7,832663.25,34441.648,24
PR,2023,13729981.913999999,12817429.5,881860.5,30691.914,55
RI,2010,3642999.382,3375619.5,265432.75,1947.132,12
RI,2011,3903108.6180000002,3768963.2,132077.0,2068.418,12
RI,2012,3835680.182,3576809.3,256886.5,1984.382,12
RI,2013,2858963.794,2708046.8,149329.25,1587.744,12
RI,2014,2827992.75,2721045.8000000003,105337.75,1609.2,12
RI,2015,3140626.5919999997,3032791.6,106016.0,1818.992,11
RI,2016,2875935.25,2779336.1,95019.75,1579.4,10
RI,2017,3240788.573,3143491.6,95486.325,1810.648,10
RI,2018,3538227.5250000004,3433439.0,102784.475,2004.05,10
RI,2019,3218788.973,3098962.6999999997,118082.675,1743.598,10
RI,2020,3497573.386,3477248.5,18385.8,1939.086,10
RI,2021,3698128.596,3677661.0,18403.35,2064.246,10
RI,2022,3032445.421,3021352.6,9326.575,1766.246,10
RI,2023,4117039.0,4106122.5999999996,8599.45,2316.9500000000003,22
SC,2010,50943894.346583,48648393.999688,1913802.0938249999,338611.65307,95
SC,2011,48204475.423,45965024.806,1854896.15,322455.966,99
SC,2012,43788660.117412,41331817.556911,2091195.865125,300626.754376,102
SC,2013,38146800.878,36000164.61,1902623.5,177121.068,107
SC,2014,42723364.241,40346438.2,2092190.0,201660.772,109
SC,2015,39583099.797,37362460.6,1928272.55,176092.074,102
SC,2016,37587919.408,35400907.6,1971346.35,163736.994,97
SC,2017,34120249.161,32150466.3,1779666.375,144815.18600000002,96
SC,2018,38097266.796,36077796.3,1806037.625,154258.508,98
SC,2019,33838093.409,32012226.4,1649141.875,133139.546,99
SC,2020,32040996.237999998,30142146.2,1721125.175,119192.848,99
SC,2021,35010270.71,32922566.9,1886791.45,130289.17599999999,96
SC,2022,34972596.003,32815488.5,1925848.325,124016.574,95
SC,2023,35136884.955,32861948.7,2042231.8,124562.51,210
SD,2010,6114615.316,5925473.6,167554.0,21587.715999999997,30
SD,2011,5553047.955999999,5352661.1,181911.75,18475.106,31
SD,2012,5637448.58,5429313.6,188575.75,19559.23,34
SD,2013,6000451.266,5778024.2,203089.25,19337.816,35
SD,2014,6185920.722,5510132.9,657181.0,18606.822,36
SD,2015,4842023.468,4572159.899999999,257573.75,12289.818,35
SD,2016,5578160.466,5279814.2,281832.0,16514.266,34
SD,2017,5461749.078,5222323.6,222466.0,16959.478,33
SD,2018,5801899.954,5521812.7,262818.75,17268.504,33
SD,2019,6354832.394,6066184.7,269954.75,18692.944,35
SD,2020,5209399.926,4938884.8,257481.5,13033.626000000002,36
SD,2021,5614862.448,5291732.5,309593.0,13536.948,37
SD,2022,6107227.252,5839396.0,253050.75,14780.501999999999,39
SD,2023,6299962.496,6003912.2,282781.25,13269.046,80
TN,2010,57319219.719738,54155920.162702,2856824.9192,306474.637836,104
TN,2011,56167662.040481,52402658.399,3473385.148475,291618.493006,114
TN,2012,54004448.944746,50201584.299,3530112.8516,272751.794146,118
TN,2013,50350997.944,47089616.114,3035792.85,225588.98,119
TN,2014,53141575.894,49713864.986,3188939.6,238771.308,120
TN,2015,48701515.773,45221397.6,3272501.275,207616.898,117
TN,2016,50526765.469000004,47111413.9,3200991.825,214359.744,120
TN,2017,47502506.681,44307652.2,2989657.575,194503.706,118
TN,2018,41863766.171,38764825.9,2930525.675,158900.156,119
TN,2019,40095958.901,36770142.2,3181975.975,143840.726,121
TN,2020,34380096.419,31634976.3,2628563.975,116556.144,120
TN,2021,39301101.539,36493230.4,2672000.125,135871.014,122
TN,2022,38386052.52925475,35480559.5,2766093.09925475,139399.93,122
TN,2023,37265031.30575821,34393952.18115046,2729266.050094775,141813.0745129718,264
TX,2010,386937761.187691,372216917.701697,11869385.4126,2851458.073394,667
TX,2011,407202901.2823584,388967969.023,14010485.701975001,2644719.053594,740
TX,2012,393536474.6506156,375207934.484371,14125085.426925,2694483.368106,791
TX,2013,405426478.40037954,388404206.1288648,13233697.12094749,2529229.4542372483,824
TX,2014,406972444.7713456,388227507.97003067,13535867.383631214,3699938.9881280083,879
TX,2015,396113457.2524864,377805312.3558385,13449003.54344157,3199884.15174583,901
TX,2016,385329777.860887,367303574.580231,13737579.53666839,2541719.138245721,748
TX,2017,388554432.6005423,371326159.5281811,12947188.994657036,2405732.1004949855,767
TX,2018,390026811.4041878,372087460.704692,13690839.363006629,2304749.2540669125,786
TX,2019,383173484.01849747,364941619.09920627,14359890.18148981,2043025.1827784828,811
TX,2020,360842659.7934228,343542904.6334844,13182390.896919928,2344523.693662974,819
TX,2021,373118565.36330414,355958142.0840431,12889871.50640052,2420427.109010556,834
TX,2022,383308302.34652984,365791101.413777,13348382.842259623,2149678.7980797677,841
TX,2023,379849251.0883798,362977050.07505476,13247483.046681141,1769853.6815513084,2035
UT,2010,41540096.674025,40474342.969,812752.301025,253001.404,61
UT,2011,42804733.4290983,39310190.3,2399668.4009,270874.252,76
UT,2012,41192661.2668214,38106938.959645,2023634.6585249999,262097.929394,78
UT,2013,44415084.5627223,41775305.1,1555639.2,273155.442,79
UT,2014,43542767.873402305,41561920.07,1219971.5,278099.858,77
UT,2015,42278622.4062677,40103501.5,1441174.025,242674.81,77
UT,2016,36110591.9762896,34505736.54,959523.925,200057.234,66
UT,2017,35734718.3136545,34280490.8,913884.875,159026.21,66
UT,2018,36351235.4239373,34992941.12,911582.375,149262.836,66
UT,2019,36233156.8257561,34853383.699999996,905714.225,151642.366,67
UT,2020,33219831.969848998,31959617.8,891866.3,132760.788,67
UT,2021,37305310.4558085,36111942.7,908670.225,149322.734,66
UT,2022,34118257.1806023,32966135.9,975690.825,130030.512,65
UT,2023,28276069.8126694,27078700.0,1046047.45,101417.148,151
VA,2010,47416740.003733,43959633.130100004,3166006.133575,291100.740058,132
VA,2011,45629763.9364332,38214041.361,6860411.865225,249613.976016,152
VA,2012,42166863.4350613,35349864.862772,6309834.603175,219064.772726,155
VA,2013,47405682.5203457,40557339.33,6349587.25,200587.376,157
VA,2014,46225989.9927204,39929115.1,5874722.0,203450.262,159
VA,2015,46609717.3758391,40255634.9,5921296.75,185152.168,155
VA,2016,49405043.5543108,42725613.4,6245590.25,177642.866,146
VA,2017,44576783.7395713,37926880.8,6286627.75,128527.102,140
VA,2018,45320607.3518213,39162136.3,5761448.45,133032.564,140
VA,2019,42390671.5332669,36151448.0,5901147.25,101583.73,133
VA,2020,43833919.5906992,37552588.6,5940621.175,101898.12,134
VA,2021,38912644.8620268,33163746.4,5438332.575,95733.692,130
VA,2022,36501979.2175568,31464360.7,4723345.075,90827.122,127
VA,2023,34671118.577550635,29620184.046065815,4768460.927517946,80892.97651817235,310
VI,2010,6327077.812,6290032.9,20723.75,16321.162,3
VI,2011,5492411.242,5444266.8,36148.75,11995.692,4
VI,2012,1579789.41,1564222.7000000002,11761.25,3805.46,4
VI,2013,918587.3759999999,914741.1,1861.0,1985.2759999999998,4
VI,2014,865800.368,860747.8999999999,3177.75,1874.7179999999998,4
VI,2015,891703.076,886927.5,2797.75,1977.826,4
VI,2016,909047.1799999999,903659.8,3358.0,2029.38,4
VI,2017,654352.086,650513.5,2160.25,1678.3359999999998,4
VI,2018,676118.082,673437.1,897.75,1783.232,4
VI,2019,785977.922,782839.6,1033.25,2105.072,4
VI,2020,1073727.53,1068467.7,2515.25,2744.58,4
VI,2021,1570237.666,1561213.9,4876.5,4147.266,4
VI,2022,728850.01,725721.8,1185.25,1942.96,5
VI,2023,581163.676,578250.9,1374.5,1538.2759999999998,10
VT,2010,288909.25,165547.59999999998,117833.75,5527.9,9
VT,2011,662926.6496,158140.3,127193.5,18647.648,9
VT,2012,611884.4669,148615.8,124641.75,17777.488,9
VT,2013,531110.7241999999,165066.7,100207.75,12958.53,10
VT,2014,500645.06888,163645.5,88073.25,13205.572000000002,10
VT,2015,503411.549242,154056.4,92800.75,13407.318000000001,10
VT,2016,453655.005228,149275.9,65047.5,13402.848,7
VT,2017,434819.0993,148254.5,58199.75,11843.413999999999,7
VT,2018,440286.320627,154658.9,65091.5,12851.846,7
VT,2019,462945.491656,157578.0,73870.25,11820.766,6
VT,2020,432738.579342,125123.5,62839.25,10218.42,5
VT,2021,441022.527097,130621.20000000001,51034.75,13275.006,5
VT,2022,417155.46289900003,134151.4,69339.5,11573.724,5
VT,2023,288825.145172,119732.8,62913.0,7530.758,16
WA,2010,25804953.772274997,23628317.91,1200093.7482750001,242242.114,76
WA,2011,20619721.8905,18140935.54,1256942.25,261714.626,82
WA,2012,19002146.09765,16738868.56,1076731.81545,293270.144,88
WA,2013,25153436.6633,22826986.8,1095429.75,250827.494,90
WA,2014,24909254.96199,22457397.8,1059432.5,228395.842,89
WA,2015,23680567.280669,21329868.7,1088297.75,237169.558,89
WA,2016,22526286.754972,20115213.3,1135575.5,231057.28,90
WA,2017,22950677.471296,20644653.3,1247878.5,225138.70200000002,92
WA,2018,22895973.451336,20500479.8,1328212.25,199086.946,96
WA,2019,27268195.930329,24751683.5,1511516.25,240913.03399999999,97
WA,2020,23229359.015863,21141988.3,1354403.5,218460.81999999998,92
WA,2021,21885478.340851,19994095.9,1547004.25,250080.11,94
WA,2022,21758743.887951,19755985.7,1701757.5,210979.82799999998,95
WA,2023,24245870.53592084,22471078.111748,1626094.710145,81477.62249284,214
WI,2010,56084090.230995,54297790.448579,1482161.5361000001,304138.246316,141
WI,2011,55458554.301499,53127449.952,2042683.943025,288420.406474,146
WI,2012,49804593.07514,47473448.396508,2079716.6151,251428.063532,144
WI,2013,55554214.378,53609309.3,1682557.5,262347.578,141
WI,2014,52187767.428,50357359.6,1585307.0,245100.828,142
WI,2015,53729812.632,51947122.1,1543930.25,238760.28199999998,133
WI,2016,50172473.728,48433982.5,1526155.5,212335.728,132
WI,2017,52471819.346,50644696.7,1601171.0,225951.646,131
WI,2018,50522035.62,48845369.9,1467018.25,209647.47,133
WI,2019,43285448.158,41654739.3,1463986.5,166722.358,130
WI,2020,40287414.592,38765188.1,1373866.0,148360.492,129
WI,2021,44381859.166,42816174.2,1397928.25,167756.716,128
WI,2022,39383605.668,37918235.3,1323867.75,141502.618,129
WI,2023,39354627.71951832,37886072.52495986,1333335.0976188057,135220.09693965336,289
WV,2010,79464011.955605,77925629.49444,1160388.813225,377972.92794,70
WV,2011,91068311.5287732,77234205.596,12995863.273675,372207.95999999996,111
WV,2012,85601293.26968859,71465727.618575,13109276.54925,343428.130816,117
WV,2013,88083836.28091319,73203860.4,13987214.75,349823.392,122
WV,2014,94859012.5142982,78704783.9,15261126.0,361460.58999999997,136
WV,2015,88357952.16906,71434490.7,16023003.0,334949.914,139
WV,2016,89643029.774465,74060187.1,14669773.5,350505.812,109
WV,2017,86340339.22532,71445821.9,14314350.5,336716.16,108
WV,2018,79281866.604755,65435511.8,12919774.5,307706.754,111
WV,2019,75048357.553845,62496485.5,11548160.5,288663.362,112
WV,2020,67394756.407195,55264802.6,11295672.0,250450.524,120
WV,2021,76200239.156995,64494209.6,10717373.25,296651.55,115
WV,2022,67876784.431316,56534114.518688,9982985.66945,257753.71608800002,112
WV,2023,64558942.914675,52327220.4,11403029.0,233038.98,295
WY,2010,59944497.407,59347015.025,267131.8,330350.582,104
WY,2011,64532647.12,63624959.63,641087.75,266599.74,118
WY,2012,67162756.308,66240116.91,576676.0,345963.398,120
WY,2013,67493911.512,66487732.0,566750.5,439429.012,119
WY,2014,62918823.842,62028773.4,505145.0,384905.442,119
WY,2015,63244596.828,62408437.9,445909.75,390249.178,116
WY,2016,57567892.764,56781182.7,494918.0,291792.064,76
WY,2017,60349182.932000004,59576033.3,454018.75,319130.882,75
WY,2018,59333022.244,58638875.4,436964.5,257182.344,73
WY,2019,54589336.278,53882466.5,435090.5,271779.278,70
WY,2020,52659427.496,52029634.9,372841.5,256951.09600000002,68
WY,2021,51074882.148,50482718.6,325080.75,267082.798,66
WY,2022,52723035.412,52006955.2,383141.5,332938.712,66
WY,2023,50054464.65805912,49479237.339764,318925.121485,256302.19681012,197
